Scenario_ID,Timestamp,Threat_Vector,Impact_Magnitude,Severity_Max,Affected_Nodes,Batch_Size,Root_Cause_Inference,Counterfactual,Propagation_Path,Recommended_Actions,KG_Entity_Count,LLM_Narrative_Preview,impact_calibrated,impact_raw,severity_entropy,kg_growth_rate,drift_flag,physics_locked,routing_path,anchor_adjustment
TEST_0,2026-05-01T13:45:16.209815,PRESSURE_LOSS,8.907754313870502,CRITICAL,N_0,1,[ROOT CAUSE] Heuristic test.,Test counterfactual,Zone A → Zone B,Action 1 | Priority: HIGH | Inspect,50,[ROOT CAUSE] Heuristic test. [COUNTERFACTUAL] Test. [PROPAGATION PATH] Test. Action 1 | Priority: HIGH | Inspect,8.907754313870502,7.47450999682757,1.0,0.0,False,False,primary,0.0
TEST_1,2026-05-01T13:45:16.210997,UNKNOWN,7.558691194585475,HIGH,N_1,1,[ROOT CAUSE] Heuristic test.,Test counterfactual,Zone A → Zone B,Action 1 | Priority: HIGH | Inspect,51,[ROOT CAUSE] Heuristic test. [COUNTERFACTUAL] Test. [PROPAGATION PATH] Test. Action 1 | Priority: HIGH | Inspect,7.558691194585475,6.235320973590062,1.0,0.0,False,False,primary,0.0
TEST_2,2026-05-01T13:45:16.212777,PRESSURE_LOSS,4.05466181746651,MEDIUM,N_2,1,[ROOT CAUSE] Heuristic test.,Test counterfactual,Zone A → Zone B,Action 1 | Priority: HIGH | Inspect,52,[ROOT CAUSE] Heuristic test. [COUNTERFACTUAL] Test. [PROPAGATION PATH] Test. Action 1 | Priority: HIGH | Inspect,4.05466181746651,4.167576843401234,1.0,0.0,False,False,primary,0.0
TEST_3,2026-05-01T13:45:16.213937,PRESSURE_LOSS,9.90568027228675,CRITICAL,N_3,1,[ROOT CAUSE] Heuristic test.,Test counterfactual,Zone A → Zone B,Action 1 | Priority: HIGH | Inspect,53,[ROOT CAUSE] Heuristic test. [COUNTERFACTUAL] Test. [PROPAGATION PATH] Test. Action 1 | Priority: HIGH | Inspect,9.90568027228675,10.684692769490667,1.0,0.0,False,False,primary,0.0
TEST_4,2026-05-01T13:45:16.215034,PRESSURE_LOSS,8.53753188257904,CRITICAL,N_4,1,[ROOT CAUSE] Heuristic test.,Test counterfactual,Zone A → Zone B,Action 1 | Priority: HIGH | Inspect,54,[ROOT CAUSE] Heuristic test. [COUNTERFACTUAL] Test. [PROPAGATION PATH] Test. Action 1 | Priority: HIGH | Inspect,8.53753188257904,7.049711615091731,1.0,0.0,False,False,primary,0.0
TEST_5,2026-05-01T13:45:16.215901,UNSPECIFIED_DRIFT,9.475145895233256,CRITICAL,N_5,1,[ROOT CAUSE] Heuristic test.,Test counterfactual,Zone A → Zone B,Action 1 | Priority: HIGH | Inspect,55,[ROOT CAUSE] Heuristic test. [COUNTERFACTUAL] Test. [PROPAGATION PATH] Test. Action 1 | Priority: HIGH | Inspect,9.475145895233256,8.47721602323524,1.0,0.0,False,False,primary,0.0
TEST_6,2026-05-01T13:45:16.216747,UNSPECIFIED_DRIFT,8.115713512608103,CRITICAL,N_6,1,[ROOT CAUSE] Heuristic test.,Test counterfactual,Zone A → Zone B,Action 1 | Priority: HIGH | Inspect,56,[ROOT CAUSE] Heuristic test. [COUNTERFACTUAL] Test. [PROPAGATION PATH] Test. Action 1 | Priority: HIGH | Inspect,8.115713512608103,6.660945351771176,1.0,0.0,False,False,primary,0.0
TEST_7,2026-05-01T13:45:16.217750,UNSPECIFIED_DRIFT,7.499215651414363,HIGH,N_7,1,[ROOT CAUSE] Heuristic test.,Test counterfactual,Zone A → Zone B,Action 1 | Priority: HIGH | Inspect,57,[ROOT CAUSE] Heuristic test. [COUNTERFACTUAL] Test. [PROPAGATION PATH] Test. Action 1 | Priority: HIGH | Inspect,7.499215651414363,6.193846348131051,1.0,0.0,False,False,primary,0.0
TEST_8,2026-05-01T13:45:16.218710,UNKNOWN,9.732901990631111,CRITICAL,N_8,1,[ROOT CAUSE] Heuristic test.,Test counterfactual,Zone A → Zone B,Action 1 | Priority: HIGH | Inspect,58,[ROOT CAUSE] Heuristic test. [COUNTERFACTUAL] Test. [PROPAGATION PATH] Test. Action 1 | Priority: HIGH | Inspect,9.732901990631111,9.359046677679226,1.0,0.0,False,False,primary,0.0
TEST_9,2026-05-01T13:45:16.219704,HVAC_SABOTAGE,9.762117766715674,CRITICAL,N_9,1,[ROOT CAUSE] Heuristic test.,Test counterfactual,Zone A → Zone B,Action 1 | Priority: HIGH | Inspect,59,[ROOT CAUSE] Heuristic test. [COUNTERFACTUAL] Test. [PROPAGATION PATH] Test. Action 1 | Priority: HIGH | Inspect,9.762117766715674,9.50802146978549,1.0,0.0,False,False,primary,0.0
TEST_10,2026-05-01T13:45:16.220711,POWER_SURGE,7.978216770454664,HIGH,N_10,1,[ROOT CAUSE] Heuristic test.,Test counterfactual,Zone A → Zone B,Action 1 | Priority: HIGH | Inspect,60,[ROOT CAUSE] Heuristic test. [COUNTERFACTUAL] Test. [PROPAGATION PATH] Test. Action 1 | Priority: HIGH | Inspect,7.978216770454664,6.5485168727908585,1.0,0.0,False,False,primary,0.0
TEST_11,2026-05-01T13:45:16.221649,HVAC_SABOTAGE,6.678423847569732,HIGH,N_11,1,[ROOT CAUSE] Heuristic test.,Test counterfactual,Zone A → Zone B,Action 1 | Priority: HIGH | Inspect,61,[ROOT CAUSE] Heuristic test. [COUNTERFACTUAL] Test. [PROPAGATION PATH] Test. Action 1 | Priority: HIGH | Inspect,6.678423847569732,5.670292859524243,1.0,0.0,False,False,primary,0.0
TEST_12,2026-05-01T13:45:16.222894,HVAC_SABOTAGE,8.42531201412437,CRITICAL,N_12,1,[ROOT CAUSE] Heuristic test.,Test counterfactual,Zone A → Zone B,Action 1 | Priority: HIGH | Inspect,62,[ROOT CAUSE] Heuristic test. [COUNTERFACTUAL] Test. [PROPAGATION PATH] Test. Action 1 | Priority: HIGH | Inspect,8.42531201412437,6.938546946829666,1.0,0.0,False,False,primary,0.0
TEST_13,2026-05-01T13:45:16.223928,HVAC_SABOTAGE,5.511536680219223,MEDIUM,N_13,1,[ROOT CAUSE] Heuristic test.,Test counterfactual,Zone A → Zone B,Action 1 | Priority: HIGH | Inspect,63,[ROOT CAUSE] Heuristic test. [COUNTERFACTUAL] Test. [PROPAGATION PATH] Test. Action 1 | Priority: HIGH | Inspect,5.511536680219223,5.006409280830344,1.0,0.0,False,False,primary,0.0
TEST_14,2026-05-01T13:45:16.224678,PRESSURE_LOSS,6.288743244139442,HIGH,N_14,1,[ROOT CAUSE] Heuristic test.,Test counterfactual,Zone A → Zone B,Action 1 | Priority: HIGH | Inspect,64,[ROOT CAUSE] Heuristic test. [COUNTERFACTUAL] Test. [PROPAGATION PATH] Test. Action 1 | Priority: HIGH | Inspect,6.288743244139442,5.442762597727088,1.0,0.0,False,False,primary,0.0
TEST_15,2026-05-01T13:45:16.225426,UNKNOWN,8.18700784063974,CRITICAL,N_15,1,[ROOT CAUSE] Heuristic test.,Test counterfactual,Zone A → Zone B,Action 1 | Priority: HIGH | Inspect,65,[ROOT CAUSE] Heuristic test. [COUNTERFACTUAL] Test. [PROPAGATION PATH] Test. Action 1 | Priority: HIGH | Inspect,8.18700784063974,6.721620402933803,1.0,0.0,False,False,primary,0.0
TEST_16,2026-05-01T13:45:16.226804,VIBRATION_ANOMALY,7.104865829291313,HIGH,N_16,1,[ROOT CAUSE] Heuristic test.,Test counterfactual,Zone A → Zone B,Action 1 | Priority: HIGH | Inspect,66,[ROOT CAUSE] Heuristic test. [COUNTERFACTUAL] Test. [PROPAGATION PATH] Test. Action 1 | Priority: HIGH | Inspect,7.104865829291313,5.932568343147668,1.0,0.0,False,False,primary,0.0
TEST_17,2026-05-01T13:45:16.227993,HVAC_SABOTAGE,7.847960599184798,HIGH,N_17,1,[ROOT CAUSE] Heuristic test.,Test counterfactual,Zone A → Zone B,Action 1 | Priority: HIGH | Inspect,67,[ROOT CAUSE] Heuristic test. [COUNTERFACTUAL] Test. [PROPAGATION PATH] Test. Action 1 | Priority: HIGH | Inspect,7.847960599184798,6.446918667672806,1.0,0.0,False,False,primary,0.0
TEST_18,2026-05-01T13:45:16.229172,POWER_SURGE,2.111137555000013,LOW,N_18,1,[ROOT CAUSE] Heuristic test.,Test counterfactual,Zone A → Zone B,Action 1 | Priority: HIGH | Inspect,68,[ROOT CAUSE] Heuristic test. [COUNTERFACTUAL] Test. [PROPAGATION PATH] Test. Action 1 | Priority: HIGH | Inspect,2.111137555000013,2.5499154590217645,1.0,0.0,False,False,primary,0.0
TEST_19,2026-05-01T13:45:16.229926,UNKNOWN,9.553138309344634,CRITICAL,N_19,1,[ROOT CAUSE] Heuristic test.,Test counterfactual,Zone A → Zone B,Action 1 | Priority: HIGH | Inspect,69,[ROOT CAUSE] Heuristic test. [COUNTERFACTUAL] Test. [PROPAGATION PATH] Test. Action 1 | Priority: HIGH | Inspect,9.553138309344634,8.68975552306459,1.0,0.0,False,False,primary,0.0
TEST_20,2026-05-01T13:45:16.230667,HVAC_SABOTAGE,5.577920401581242,MEDIUM,N_20,1,[ROOT CAUSE] Heuristic test.,Test counterfactual,Zone A → Zone B,Action 1 | Priority: HIGH | Inspect,70,[ROOT CAUSE] Heuristic test. [COUNTERFACTUAL] Test. [PROPAGATION PATH] Test. Action 1 | Priority: HIGH | Inspect,5.577920401581242,5.043293439248658,1.0,0.0,False,False,primary,0.0
TEST_21,2026-05-01T13:45:16.231421,HVAC_SABOTAGE,5.474984702516643,MEDIUM,N_21,1,[ROOT CAUSE] Heuristic test.,Test counterfactual,Zone A → Zone B,Action 1 | Priority: HIGH | Inspect,71,[ROOT CAUSE] Heuristic test. [COUNTERFACTUAL] Test. [PROPAGATION PATH] Test. Action 1 | Priority: HIGH | Inspect,5.474984702516643,4.986102469354325,1.0,0.0,False,False,primary,0.0
TEST_22,2026-05-01T13:45:16.232212,UNSPECIFIED_DRIFT,6.325236314343622,HIGH,N_22,1,[ROOT CAUSE] Heuristic test.,Test counterfactual,Zone A → Zone B,Action 1 | Priority: HIGH | Inspect,72,[ROOT CAUSE] Heuristic test. [COUNTERFACTUAL] Test. [PROPAGATION PATH] Test. Action 1 | Priority: HIGH | Inspect,6.325236314343622,5.463710326895987,1.0,0.0,False,False,primary,0.0
TEST_23,2026-05-01T13:45:16.233027,VIBRATION_ANOMALY,7.90949306765503,HIGH,N_23,1,[ROOT CAUSE] Heuristic test.,Test counterfactual,Zone A → Zone B,Action 1 | Priority: HIGH | Inspect,73,[ROOT CAUSE] Heuristic test. [COUNTERFACTUAL] Test. [PROPAGATION PATH] Test. Action 1 | Priority: HIGH | Inspect,7.90949306765503,6.494362106284329,1.0,0.0,False,False,primary,0.0
TEST_24,2026-05-01T13:45:16.233760,POWER_SURGE,9.309862002006556,CRITICAL,N_24,1,[ROOT CAUSE] Heuristic test.,Test counterfactual,Zone A → Zone B,Action 1 | Priority: HIGH | Inspect,74,[ROOT CAUSE] Heuristic test. [COUNTERFACTUAL] Test. [PROPAGATION PATH] Test. Action 1 | Priority: HIGH | Inspect,9.309862002006556,8.11038338346047,1.0,0.0,False,False,primary,0.0
TEST_25,2026-05-01T13:45:16.234442,UNSPECIFIED_DRIFT,3.9825098669510903,LOW,N_25,1,[ROOT CAUSE] Heuristic test.,Test counterfactual,Zone A → Zone B,Action 1 | Priority: HIGH | Inspect,75,[ROOT CAUSE] Heuristic test. [COUNTERFACTUAL] Test. [PROPAGATION PATH] Test. Action 1 | Priority: HIGH | Inspect,3.9825098669510903,4.122618665377609,1.0,0.0,False,False,primary,0.0
TEST_26,2026-05-01T13:45:16.235400,UNSPECIFIED_DRIFT,9.964859811721833,CRITICAL,N_26,1,[ROOT CAUSE] Heuristic test.,Test counterfactual,Zone A → Zone B,Action 1 | Priority: HIGH | Inspect,76,[ROOT CAUSE] Heuristic test. [COUNTERFACTUAL] Test. [PROPAGATION PATH] Test. Action 1 | Priority: HIGH | Inspect,9.964859811721833,11.927152884926137,1.0,0.0,False,False,primary,0.0
TEST_27,2026-05-01T13:45:16.236490,UNKNOWN,9.599854864191988,CRITICAL,N_27,1,[ROOT CAUSE] Heuristic test.,Test counterfactual,Zone A → Zone B,Action 1 | Priority: HIGH | Inspect,77,[ROOT CAUSE] Heuristic test. [COUNTERFACTUAL] Test. [PROPAGATION PATH] Test. Action 1 | Priority: HIGH | Inspect,9.599854864191988,8.834591606280975,1.0,0.0,False,False,primary,0.0
TEST_28,2026-05-01T13:45:16.237317,UNSPECIFIED_DRIFT,9.221430037822905,CRITICAL,N_28,1,[ROOT CAUSE] Heuristic test.,Test counterfactual,Zone A → Zone B,Action 1 | Priority: HIGH | Inspect,78,[ROOT CAUSE] Heuristic test. [COUNTERFACTUAL] Test. [PROPAGATION PATH] Test. Action 1 | Priority: HIGH | Inspect,9.221430037822905,7.946300735374042,1.0,0.0,False,False,primary,0.0
TEST_29,2026-05-01T13:45:16.238048,HVAC_SABOTAGE,8.319794725710356,CRITICAL,N_29,1,[ROOT CAUSE] Heuristic test.,Test counterfactual,Zone A → Zone B,Action 1 | Priority: HIGH | Inspect,79,[ROOT CAUSE] Heuristic test. [COUNTERFACTUAL] Test. [PROPAGATION PATH] Test. Action 1 | Priority: HIGH | Inspect,8.319794725710356,6.839582889520202,1.0,0.0,False,False,primary,0.0
TEST_30,2026-05-01T13:45:16.238805,UNKNOWN,7.620999189387887,HIGH,N_30,1,[ROOT CAUSE] Heuristic test.,Test counterfactual,Zone A → Zone B,Action 1 | Priority: HIGH | Inspect,80,[ROOT CAUSE] Heuristic test. [COUNTERFACTUAL] Test. [PROPAGATION PATH] Test. Action 1 | Priority: HIGH | Inspect,7.620999189387887,6.279457151818727,1.0,0.0,False,False,primary,0.0
TEST_31,2026-05-01T13:45:16.239562,POWER_SURGE,7.081193260829037,HIGH,N_31,1,[ROOT CAUSE] Heuristic test.,Test counterfactual,Zone A → Zone B,Action 1 | Priority: HIGH | Inspect,81,[ROOT CAUSE] Heuristic test. [COUNTERFACTUAL] Test. [PROPAGATION PATH] Test. Action 1 | Priority: HIGH | Inspect,7.081193260829037,5.917532568669495,1.0,0.0,False,False,primary,0.0
TEST_32,2026-05-01T13:45:16.240241,VIBRATION_ANOMALY,9.930684337529827,CRITICAL,N_32,1,[ROOT CAUSE] Heuristic test.,Test counterfactual,Zone A → Zone B,Action 1 | Priority: HIGH | Inspect,82,[ROOT CAUSE] Heuristic test. [COUNTERFACTUAL] Test. [PROPAGATION PATH] Test. Action 1 | Priority: HIGH | Inspect,9.930684337529827,11.073221767682755,1.0,0.0,False,False,primary,0.0
TEST_33,2026-05-01T13:45:16.240985,HVAC_SABOTAGE,9.519906880646186,CRITICAL,N_33,1,[ROOT CAUSE] Heuristic test.,Test counterfactual,Zone A → Zone B,Action 1 | Priority: HIGH | Inspect,83,[ROOT CAUSE] Heuristic test. [COUNTERFACTUAL] Test. [PROPAGATION PATH] Test. Action 1 | Priority: HIGH | Inspect,9.519906880646186,8.595225758151999,1.0,0.0,False,False,primary,0.0
TEST_34,2026-05-01T13:45:16.241617,UNKNOWN,3.159014919584924,LOW,N_34,1,[ROOT CAUSE] Heuristic test.,Test counterfactual,Zone A → Zone B,Action 1 | Priority: HIGH | Inspect,84,[ROOT CAUSE] Heuristic test. [COUNTERFACTUAL] Test. [PROPAGATION PATH] Test. Action 1 | Priority: HIGH | Inspect,3.159014919584924,3.558400403817299,1.0,0.0,False,False,primary,0.0
TEST_35,2026-05-01T13:45:16.242267,UNKNOWN,9.202386001337107,CRITICAL,N_35,1,[ROOT CAUSE] Heuristic test.,Test counterfactual,Zone A → Zone B,Action 1 | Priority: HIGH | Inspect,85,[ROOT CAUSE] Heuristic test. [COUNTERFACTUAL] Test. [PROPAGATION PATH] Test. Action 1 | Priority: HIGH | Inspect,9.202386001337107,7.913194496530938,1.0,0.0,False,False,primary,0.0
TEST_36,2026-05-01T13:45:16.242922,PRESSURE_LOSS,5.830793455594486,MEDIUM,N_36,1,[ROOT CAUSE] Heuristic test.,Test counterfactual,Zone A → Zone B,Action 1 | Priority: HIGH | Inspect,86,[ROOT CAUSE] Heuristic test. [COUNTERFACTUAL] Test. [PROPAGATION PATH] Test. Action 1 | Priority: HIGH | Inspect,5.830793455594486,5.184106237635533,1.0,0.0,False,False,primary,0.0
TEST_37,2026-05-01T13:45:16.243761,PRESSURE_LOSS,9.068637231058402,CRITICAL,N_37,1,[ROOT CAUSE] Heuristic test.,Test counterfactual,Zone A → Zone B,Action 1 | Priority: HIGH | Inspect,87,[ROOT CAUSE] Heuristic test. [COUNTERFACTUAL] Test. [PROPAGATION PATH] Test. Action 1 | Priority: HIGH | Inspect,9.068637231058402,7.698863777447497,1.0,0.0,False,False,primary,0.0
TEST_38,2026-05-01T13:45:16.244486,VIBRATION_ANOMALY,9.490730776628574,CRITICAL,N_38,1,[ROOT CAUSE] Heuristic test.,Test counterfactual,Zone A → Zone B,Action 1 | Priority: HIGH | Inspect,88,[ROOT CAUSE] Heuristic test. [COUNTERFACTUAL] Test. [PROPAGATION PATH] Test. Action 1 | Priority: HIGH | Inspect,9.490730776628574,8.517191934743616,1.0,0.0,False,False,primary,0.0
TEST_39,2026-05-01T13:45:16.245411,PRESSURE_LOSS,9.410558689747763,CRITICAL,N_39,1,[ROOT CAUSE] Heuristic test.,Test counterfactual,Zone A → Zone B,Action 1 | Priority: HIGH | Inspect,89,[ROOT CAUSE] Heuristic test. [COUNTERFACTUAL] Test. [PROPAGATION PATH] Test. Action 1 | Priority: HIGH | Inspect,9.410558689747763,8.322585032323456,1.0,0.0,False,False,primary,0.0
TEST_40,2026-05-01T13:45:16.246108,VIBRATION_ANOMALY,7.362677605835087,HIGH,N_40,1,[ROOT CAUSE] Heuristic test.,Test counterfactual,Zone A → Zone B,Action 1 | Priority: HIGH | Inspect,90,[ROOT CAUSE] Heuristic test. [COUNTERFACTUAL] Test. [PROPAGATION PATH] Test. Action 1 | Priority: HIGH | Inspect,7.362677605835087,6.100856422663188,1.0,0.0,False,False,primary,0.0
TEST_41,2026-05-01T13:45:16.246870,HVAC_SABOTAGE,6.01683967218456,HIGH,N_41,1,[ROOT CAUSE] Heuristic test.,Test counterfactual,Zone A → Zone B,Action 1 | Priority: HIGH | Inspect,91,[ROOT CAUSE] Heuristic test. [COUNTERFACTUAL] Test. [PROPAGATION PATH] Test. Action 1 | Priority: HIGH | Inspect,6.01683967218456,5.288405789579097,1.0,0.0,False,False,primary,0.0
TEST_42,2026-05-01T13:45:16.247554,POWER_SURGE,8.634666313951364,CRITICAL,N_42,1,[ROOT CAUSE] Heuristic test.,Test counterfactual,Zone A → Zone B,Action 1 | Priority: HIGH | Inspect,92,[ROOT CAUSE] Heuristic test. [COUNTERFACTUAL] Test. [PROPAGATION PATH] Test. Action 1 | Priority: HIGH | Inspect,8.634666313951364,7.151625469403828,1.0,0.0,False,False,primary,0.0
TEST_43,2026-05-01T13:45:16.248310,VIBRATION_ANOMALY,9.447501952186297,CRITICAL,N_43,1,[ROOT CAUSE] Heuristic test.,Test counterfactual,Zone A → Zone B,Action 1 | Priority: HIGH | Inspect,93,[ROOT CAUSE] Heuristic test. [COUNTERFACTUAL] Test. [PROPAGATION PATH] Test. Action 1 | Priority: HIGH | Inspect,9.447501952186297,8.408970187084938,1.0,0.0,False,False,primary,0.0
TEST_44,2026-05-01T13:45:16.249199,UNKNOWN,7.4475347608105285,HIGH,N_44,1,[ROOT CAUSE] Heuristic test.,Test counterfactual,Zone A → Zone B,Action 1 | Priority: HIGH | Inspect,94,[ROOT CAUSE] Heuristic test. [COUNTERFACTUAL] Test. [PROPAGATION PATH] Test. Action 1 | Priority: HIGH | Inspect,7.4475347608105285,6.1582977468707405,1.0,0.0,False,False,primary,0.0
TEST_45,2026-05-01T13:45:16.250452,PRESSURE_LOSS,6.735180591267648,HIGH,N_45,1,[ROOT CAUSE] Heuristic test.,Test counterfactual,Zone A → Zone B,Action 1 | Priority: HIGH | Inspect,95,[ROOT CAUSE] Heuristic test. [COUNTERFACTUAL] Test. [PROPAGATION PATH] Test. Action 1 | Priority: HIGH | Inspect,6.735180591267648,5.704268486838845,1.0,0.0,False,False,primary,0.0
TEST_46,2026-05-01T13:45:16.251271,PRESSURE_LOSS,2.998841437665244,LOW,N_46,1,[ROOT CAUSE] Heuristic test.,Test counterfactual,Zone A → Zone B,Action 1 | Priority: HIGH | Inspect,96,[ROOT CAUSE] Heuristic test. [COUNTERFACTUAL] Test. [PROPAGATION PATH] Test. Action 1 | Priority: HIGH | Inspect,2.998841437665244,3.4331151090990217,1.0,0.0,False,False,primary,0.0
TEST_47,2026-05-01T13:45:16.252522,VIBRATION_ANOMALY,9.102338602124762,CRITICAL,N_47,1,[ROOT CAUSE] Heuristic test.,Test counterfactual,Zone A → Zone B,Action 1 | Priority: HIGH | Inspect,97,[ROOT CAUSE] Heuristic test. [COUNTERFACTUAL] Test. [PROPAGATION PATH] Test. Action 1 | Priority: HIGH | Inspect,9.102338602124762,7.75014385075646,1.0,0.0,False,False,primary,0.0
TEST_48,2026-05-01T13:45:16.253499,PRESSURE_LOSS,8.62665794753585,CRITICAL,N_48,1,[ROOT CAUSE] Heuristic test.,Test counterfactual,Zone A → Zone B,Action 1 | Priority: HIGH | Inspect,98,[ROOT CAUSE] Heuristic test. [COUNTERFACTUAL] Test. [PROPAGATION PATH] Test. Action 1 | Priority: HIGH | Inspect,8.62665794753585,7.143003138806655,1.0,0.0,False,False,primary,0.0
TEST_49,2026-05-01T13:45:16.254238,VIBRATION_ANOMALY,7.7141412319401965,HIGH,N_49,1,[ROOT CAUSE] Heuristic test.,Test counterfactual,Zone A → Zone B,Action 1 | Priority: HIGH | Inspect,99,[ROOT CAUSE] Heuristic test. [COUNTERFACTUAL] Test. [PROPAGATION PATH] Test. Action 1 | Priority: HIGH | Inspect,7.7141412319401965,6.34684268945389,1.0,0.0,False,False,primary,0.0
TEST_50,2026-05-01T13:45:16.255768,UNSPECIFIED_DRIFT,4.932207876962927,MEDIUM,N_50,1,[ROOT CAUSE] Heuristic test.,Test counterfactual,Zone A → Zone B,Action 1 | Priority: HIGH | Inspect,100,[ROOT CAUSE] Heuristic test. [COUNTERFACTUAL] Test. [PROPAGATION PATH] Test. Action 1 | Priority: HIGH | Inspect,4.932207876962927,4.68286978102542,0.7105023144477071,99.0,False,False,primary,0.0
TEST_51,2026-05-01T13:45:16.256503,PRESSURE_LOSS,9.270743411115395,CRITICAL,N_51,1,[ROOT CAUSE] Heuristic test.,Test counterfactual,Zone A → Zone B,Action 1 | Priority: HIGH | Inspect,101,[ROOT CAUSE] Heuristic test. [COUNTERFACTUAL] Test. [PROPAGATION PATH] Test. Action 1 | Priority: HIGH | Inspect,9.270743411115395,8.0355675407945,0.7105023144477071,99.0,False,False,primary,0.0
TEST_52,2026-05-01T13:45:16.257250,POWER_SURGE,1.475685768407837,LOW,N_52,1,[ROOT CAUSE] Heuristic test.,Test counterfactual,Zone A → Zone B,Action 1 | Priority: HIGH | Inspect,102,[ROOT CAUSE] Heuristic test. [COUNTERFACTUAL] Test. [PROPAGATION PATH] Test. Action 1 | Priority: HIGH | Inspect,1.475685768407837,1.3925995361979822,0.7105023144477071,99.0,False,False,primary,0.0
TEST_53,2026-05-01T13:45:16.258083,HVAC_SABOTAGE,9.309222633936352,CRITICAL,N_53,1,[ROOT CAUSE] Heuristic test.,Test counterfactual,Zone A → Zone B,Action 1 | Priority: HIGH | Inspect,103,[ROOT CAUSE] Heuristic test. [COUNTERFACTUAL] Test. [PROPAGATION PATH] Test. Action 1 | Priority: HIGH | Inspect,9.309222633936352,8.109129695875176,0.7105023144477071,99.0,False,False,primary,0.0
TEST_54,2026-05-01T13:45:16.258986,HVAC_SABOTAGE,3.4012614457861723,LOW,N_54,1,[ROOT CAUSE] Heuristic test.,Test counterfactual,Zone A → Zone B,Action 1 | Priority: HIGH | Inspect,104,[ROOT CAUSE] Heuristic test. [COUNTERFACTUAL] Test. [PROPAGATION PATH] Test. Action 1 | Priority: HIGH | Inspect,3.4012614457861723,3.73639462383574,0.7105023144477071,99.0,False,False,primary,0.0
TEST_55,2026-05-01T13:45:16.259762,UNSPECIFIED_DRIFT,9.49928271872744,CRITICAL,N_55,1,[ROOT CAUSE] Heuristic test.,Test counterfactual,Zone A → Zone B,Action 1 | Priority: HIGH | Inspect,105,[ROOT CAUSE] Heuristic test. [COUNTERFACTUAL] Test. [PROPAGATION PATH] Test. Action 1 | Priority: HIGH | Inspect,9.49928271872744,8.53961927490017,0.7105023144477071,99.0,False,False,primary,0.0
TEST_56,2026-05-01T13:45:16.260614,PRESSURE_LOSS,8.572768992351435,CRITICAL,N_56,1,[ROOT CAUSE] Heuristic test.,Test counterfactual,Zone A → Zone B,Action 1 | Priority: HIGH | Inspect,106,[ROOT CAUSE] Heuristic test. [COUNTERFACTUAL] Test. [PROPAGATION PATH] Test. Action 1 | Priority: HIGH | Inspect,8.572768992351435,7.086028220918202,0.7105023144477071,99.0,False,False,primary,0.0
TEST_57,2026-05-01T13:45:16.261333,UNKNOWN,4.609624355205391,MEDIUM,N_57,1,[ROOT CAUSE] Heuristic test.,Test counterfactual,Zone A → Zone B,Action 1 | Priority: HIGH | Inspect,107,[ROOT CAUSE] Heuristic test. [COUNTERFACTUAL] Test. [PROPAGATION PATH] Test. Action 1 | Priority: HIGH | Inspect,4.609624355205391,4.498735793495543,0.7105023144477071,99.0,False,False,primary,0.0
TEST_58,2026-05-01T13:45:16.262165,POWER_SURGE,5.36924581991018,MEDIUM,N_58,1,[ROOT CAUSE] Heuristic test.,Test counterfactual,Zone A → Zone B,Action 1 | Priority: HIGH | Inspect,108,[ROOT CAUSE] Heuristic test. [COUNTERFACTUAL] Test. [PROPAGATION PATH] Test. Action 1 | Priority: HIGH | Inspect,5.36924581991018,4.927338335320186,0.7105023144477071,99.0,False,False,primary,0.0
TEST_59,2026-05-01T13:45:16.262975,POWER_SURGE,6.4329833430305765,HIGH,N_59,1,[ROOT CAUSE] Heuristic test.,Test counterfactual,Zone A → Zone B,Action 1 | Priority: HIGH | Inspect,109,[ROOT CAUSE] Heuristic test. [COUNTERFACTUAL] Test. [PROPAGATION PATH] Test. Action 1 | Priority: HIGH | Inspect,6.4329833430305765,5.525948531961164,0.7105023144477071,99.0,False,False,primary,0.0
TEST_60,2026-05-01T13:45:16.263680,UNSPECIFIED_DRIFT,8.914827718407746,CRITICAL,N_60,1,[ROOT CAUSE] Heuristic test.,Test counterfactual,Zone A → Zone B,Action 1 | Priority: HIGH | Inspect,110,[ROOT CAUSE] Heuristic test. [COUNTERFACTUAL] Test. [PROPAGATION PATH] Test. Action 1 | Priority: HIGH | Inspect,8.914827718407746,7.483748959204048,0.7105023144477071,99.0,False,False,primary,0.0
TEST_61,2026-05-01T13:45:16.264511,HVAC_SABOTAGE,9.578149566963189,CRITICAL,N_61,1,[ROOT CAUSE] Heuristic test.,Test counterfactual,Zone A → Zone B,Action 1 | Priority: HIGH | Inspect,111,[ROOT CAUSE] Heuristic test. [COUNTERFACTUAL] Test. [PROPAGATION PATH] Test. Action 1 | Priority: HIGH | Inspect,9.578149566963189,8.76540334238326,0.7105023144477071,99.0,False,False,primary,0.0
TEST_62,2026-05-01T13:45:16.265198,UNSPECIFIED_DRIFT,6.338429345945929,HIGH,N_62,1,[ROOT CAUSE] Heuristic test.,Test counterfactual,Zone A → Zone B,Action 1 | Priority: HIGH | Inspect,112,[ROOT CAUSE] Heuristic test. [COUNTERFACTUAL] Test. [PROPAGATION PATH] Test. Action 1 | Priority: HIGH | Inspect,6.338429345945929,5.4712991049049355,0.7105023144477071,99.0,False,False,primary,0.0
TEST_63,2026-05-01T13:45:16.266476,UNSPECIFIED_DRIFT,8.93231444006908,CRITICAL,N_63,1,[ROOT CAUSE] Heuristic test.,Test counterfactual,Zone A → Zone B,Action 1 | Priority: HIGH | Inspect,113,[ROOT CAUSE] Heuristic test. [COUNTERFACTUAL] Test. [PROPAGATION PATH] Test. Action 1 | Priority: HIGH | Inspect,8.93231444006908,7.506814467736804,0.7105023144477071,99.0,False,False,primary,0.0
TEST_64,2026-05-01T13:45:16.267511,HVAC_SABOTAGE,9.693738945163116,CRITICAL,N_64,1,[ROOT CAUSE] Heuristic test.,Test counterfactual,Zone A → Zone B,Action 1 | Priority: HIGH | Inspect,114,[ROOT CAUSE] Heuristic test. [COUNTERFACTUAL] Test. [PROPAGATION PATH] Test. Action 1 | Priority: HIGH | Inspect,9.693738945163116,9.182400656815675,0.7105023144477071,99.0,False,False,primary,0.0
TEST_65,2026-05-01T13:45:16.268630,VIBRATION_ANOMALY,8.328705068226903,CRITICAL,N_65,1,[ROOT CAUSE] Heuristic test.,Test counterfactual,Zone A → Zone B,Action 1 | Priority: HIGH | Inspect,115,[ROOT CAUSE] Heuristic test. [COUNTERFACTUAL] Test. [PROPAGATION PATH] Test. Action 1 | Priority: HIGH | Inspect,8.328705068226903,6.847750130229186,0.7105023144477071,99.0,False,False,primary,0.0
TEST_66,2026-05-01T13:45:16.270028,VIBRATION_ANOMALY,5.742874955427791,MEDIUM,N_66,1,[ROOT CAUSE] Heuristic test.,Test counterfactual,Zone A → Zone B,Action 1 | Priority: HIGH | Inspect,116,[ROOT CAUSE] Heuristic test. [COUNTERFACTUAL] Test. [PROPAGATION PATH] Test. Action 1 | Priority: HIGH | Inspect,5.742874955427791,5.135061777795202,0.7105023144477071,99.0,False,False,primary,0.0
TEST_67,2026-05-01T13:45:16.270893,PRESSURE_LOSS,6.998829615284821,HIGH,N_67,1,[ROOT CAUSE] Heuristic test.,Test counterfactual,Zone A → Zone B,Action 1 | Priority: HIGH | Inspect,117,[ROOT CAUSE] Heuristic test. [COUNTERFACTUAL] Test. [PROPAGATION PATH] Test. Action 1 | Priority: HIGH | Inspect,6.998829615284821,5.8657025565688885,0.7105023144477071,99.0,False,False,primary,0.0
TEST_68,2026-05-01T13:45:16.271779,VIBRATION_ANOMALY,9.645034149146161,CRITICAL,N_68,1,[ROOT CAUSE] Heuristic test.,Test counterfactual,Zone A → Zone B,Action 1 | Priority: HIGH | Inspect,118,[ROOT CAUSE] Heuristic test. [COUNTERFACTUAL] Test. [PROPAGATION PATH] Test. Action 1 | Priority: HIGH | Inspect,9.645034149146161,8.990898447750757,0.7105023144477071,99.0,False,False,primary,0.0
TEST_69,2026-05-01T13:45:16.272527,PRESSURE_LOSS,7.109298923080622,HIGH,N_69,1,[ROOT CAUSE] Heuristic test.,Test counterfactual,Zone A → Zone B,Action 1 | Priority: HIGH | Inspect,119,[ROOT CAUSE] Heuristic test. [COUNTERFACTUAL] Test. [PROPAGATION PATH] Test. Action 1 | Priority: HIGH | Inspect,7.109298923080622,5.93539120523239,0.7105023144477071,99.0,False,False,primary,0.0
TEST_70,2026-05-01T13:45:16.273370,VIBRATION_ANOMALY,7.93603802178503,HIGH,N_70,1,[ROOT CAUSE] Heuristic test.,Test counterfactual,Zone A → Zone B,Action 1 | Priority: HIGH | Inspect,120,[ROOT CAUSE] Heuristic test. [COUNTERFACTUAL] Test. [PROPAGATION PATH] Test. Action 1 | Priority: HIGH | Inspect,7.93603802178503,6.51512911902996,0.7105023144477071,99.0,False,False,primary,0.0
TEST_71,2026-05-01T13:45:16.274097,UNSPECIFIED_DRIFT,7.282155604243307,HIGH,N_71,1,[ROOT CAUSE] Heuristic test.,Test counterfactual,Zone A → Zone B,Action 1 | Priority: HIGH | Inspect,121,[ROOT CAUSE] Heuristic test. [COUNTERFACTUAL] Test. [PROPAGATION PATH] Test. Action 1 | Priority: HIGH | Inspect,7.282155604243307,6.047342632643066,0.7105023144477071,99.0,False,False,primary,0.0
TEST_72,2026-05-01T13:45:16.274875,HVAC_SABOTAGE,6.783314463345877,HIGH,N_72,1,[ROOT CAUSE] Heuristic test.,Test counterfactual,Zone A → Zone B,Action 1 | Priority: HIGH | Inspect,122,[ROOT CAUSE] Heuristic test. [COUNTERFACTUAL] Test. [PROPAGATION PATH] Test. Action 1 | Priority: HIGH | Inspect,6.783314463345877,5.733281827393093,0.7105023144477071,99.0,False,False,primary,0.0
TEST_73,2026-05-01T13:45:16.275604,PRESSURE_LOSS,7.117918434897384,HIGH,N_73,1,[ROOT CAUSE] Heuristic test.,Test counterfactual,Zone A → Zone B,Action 1 | Priority: HIGH | Inspect,123,[ROOT CAUSE] Heuristic test. [COUNTERFACTUAL] Test. [PROPAGATION PATH] Test. Action 1 | Priority: HIGH | Inspect,7.117918434897384,5.940886393640828,0.7105023144477071,99.0,False,False,primary,0.0
TEST_74,2026-05-01T13:45:16.276429,VIBRATION_ANOMALY,8.410777191465158,CRITICAL,N_74,1,[ROOT CAUSE] Heuristic test.,Test counterfactual,Zone A → Zone B,Action 1 | Priority: HIGH | Inspect,124,[ROOT CAUSE] Heuristic test. [COUNTERFACTUAL] Test. [PROPAGATION PATH] Test. Action 1 | Priority: HIGH | Inspect,8.410777191465158,6.924612776099207,0.7105023144477071,99.0,False,False,primary,0.0
TEST_75,2026-05-01T13:45:16.277144,HVAC_SABOTAGE,2.117852572691652,LOW,N_75,1,[ROOT CAUSE] Heuristic test.,Test counterfactual,Zone A → Zone B,Action 1 | Priority: HIGH | Inspect,125,[ROOT CAUSE] Heuristic test. [COUNTERFACTUAL] Test. [PROPAGATION PATH] Test. Action 1 | Priority: HIGH | Inspect,2.117852572691652,2.5585113951696288,0.7105023144477071,99.0,False,False,primary,0.0
TEST_76,2026-05-01T13:45:16.277858,HVAC_SABOTAGE,8.495969439385686,CRITICAL,N_76,1,[ROOT CAUSE] Heuristic test.,Test counterfactual,Zone A → Zone B,Action 1 | Priority: HIGH | Inspect,126,[ROOT CAUSE] Heuristic test. [COUNTERFACTUAL] Test. [PROPAGATION PATH] Test. Action 1 | Priority: HIGH | Inspect,8.495969439385686,7.007771153907847,0.7105023144477071,99.0,False,False,primary,0.0
TEST_77,2026-05-01T13:45:16.278741,HVAC_SABOTAGE,7.731861648583195,HIGH,N_77,1,[ROOT CAUSE] Heuristic test.,Test counterfactual,Zone A → Zone B,Action 1 | Priority: HIGH | Inspect,127,[ROOT CAUSE] Heuristic test. [COUNTERFACTUAL] Test. [PROPAGATION PATH] Test. Action 1 | Priority: HIGH | Inspect,7.731861648583195,6.35986542412022,0.7105023144477071,99.0,False,False,primary,0.0
TEST_78,2026-05-01T13:45:16.279430,VIBRATION_ANOMALY,7.876684417800922,HIGH,N_78,1,[ROOT CAUSE] Heuristic test.,Test counterfactual,Zone A → Zone B,Action 1 | Priority: HIGH | Inspect,128,[ROOT CAUSE] Heuristic test. [COUNTERFACTUAL] Test. [PROPAGATION PATH] Test. Action 1 | Priority: HIGH | Inspect,7.876684417800922,6.468947248649893,0.7105023144477071,99.0,False,False,primary,0.0
TEST_79,2026-05-01T13:45:16.280127,UNKNOWN,2.768072439383454,LOW,N_79,1,[ROOT CAUSE] Heuristic test.,Test counterfactual,Zone A → Zone B,Action 1 | Priority: HIGH | Inspect,129,[ROOT CAUSE] Heuristic test. [COUNTERFACTUAL] Test. [PROPAGATION PATH] Test. Action 1 | Priority: HIGH | Inspect,2.768072439383454,3.239230411682517,0.7105023144477071,99.0,False,False,primary,0.0
TEST_80,2026-05-01T13:45:16.280971,UNSPECIFIED_DRIFT,8.069716587362949,CRITICAL,N_80,1,[ROOT CAUSE] Heuristic test.,Test counterfactual,Zone A → Zone B,Action 1 | Priority: HIGH | Inspect,130,[ROOT CAUSE] Heuristic test. [COUNTERFACTUAL] Test. [PROPAGATION PATH] Test. Action 1 | Priority: HIGH | Inspect,8.069716587362949,6.622691942987528,0.7105023144477071,99.0,False,False,primary,0.0
TEST_81,2026-05-01T13:45:16.281681,UNKNOWN,9.942673235407335,CRITICAL,N_81,1,[ROOT CAUSE] Heuristic test.,Test counterfactual,Zone A → Zone B,Action 1 | Priority: HIGH | Inspect,131,[ROOT CAUSE] Heuristic test. [COUNTERFACTUAL] Test. [PROPAGATION PATH] Test. Action 1 | Priority: HIGH | Inspect,9.942673235407335,11.312277790709008,0.7105023144477071,99.0,False,False,primary,0.0
TEST_82,2026-05-01T13:45:16.282644,UNSPECIFIED_DRIFT,9.62496398391699,CRITICAL,N_82,1,[ROOT CAUSE] Heuristic test.,Test counterfactual,Zone A → Zone B,Action 1 | Priority: HIGH | Inspect,132,[ROOT CAUSE] Heuristic test. [COUNTERFACTUAL] Test. [PROPAGATION PATH] Test. Action 1 | Priority: HIGH | Inspect,9.62496398391699,8.919242502333105,0.7105023144477071,99.0,False,False,primary,0.0
TEST_83,2026-05-01T13:45:16.284523,POWER_SURGE,3.3800782261000464,LOW,N_83,1,[ROOT CAUSE] Heuristic test.,Test counterfactual,Zone A → Zone B,Action 1 | Priority: HIGH | Inspect,133,[ROOT CAUSE] Heuristic test. [COUNTERFACTUAL] Test. [PROPAGATION PATH] Test. Action 1 | Priority: HIGH | Inspect,3.3800782261000464,3.7213122525060363,0.7105023144477071,99.0,False,False,primary,0.0
TEST_84,2026-05-01T13:45:16.285617,UNSPECIFIED_DRIFT,1.5683380749853717,LOW,N_84,1,[ROOT CAUSE] Heuristic test.,Test counterfactual,Zone A → Zone B,Action 1 | Priority: HIGH | Inspect,134,[ROOT CAUSE] Heuristic test. [COUNTERFACTUAL] Test. [PROPAGATION PATH] Test. Action 1 | Priority: HIGH | Inspect,1.5683380749853717,1.6287090855025874,0.7105023144477071,99.0,False,False,primary,0.0
TEST_85,2026-05-01T13:45:16.286365,HVAC_SABOTAGE,9.740070278349146,CRITICAL,N_85,1,[ROOT CAUSE] Heuristic test.,Test counterfactual,Zone A → Zone B,Action 1 | Priority: HIGH | Inspect,135,[ROOT CAUSE] Heuristic test. [COUNTERFACTUAL] Test. [PROPAGATION PATH] Test. Action 1 | Priority: HIGH | Inspect,9.740070278349146,9.394077770604536,0.7105023144477071,99.0,False,False,primary,0.0
TEST_86,2026-05-01T13:45:16.287220,VIBRATION_ANOMALY,7.341791471849855,HIGH,N_86,1,[ROOT CAUSE] Heuristic test.,Test counterfactual,Zone A → Zone B,Action 1 | Priority: HIGH | Inspect,136,[ROOT CAUSE] Heuristic test. [COUNTERFACTUAL] Test. [PROPAGATION PATH] Test. Action 1 | Priority: HIGH | Inspect,7.341791471849855,6.086886106037672,0.7105023144477071,99.0,False,False,primary,0.0
TEST_87,2026-05-01T13:45:16.287976,UNSPECIFIED_DRIFT,5.787887916812402,MEDIUM,N_87,1,[ROOT CAUSE] Heuristic test.,Test counterfactual,Zone A → Zone B,Action 1 | Priority: HIGH | Inspect,137,[ROOT CAUSE] Heuristic test. [COUNTERFACTUAL] Test. [PROPAGATION PATH] Test. Action 1 | Priority: HIGH | Inspect,5.787887916812402,5.1601564673419995,0.7105023144477071,99.0,False,False,primary,0.0
TEST_88,2026-05-01T13:45:16.288737,UNSPECIFIED_DRIFT,9.707708669492208,CRITICAL,N_88,1,[ROOT CAUSE] Heuristic test.,Test counterfactual,Zone A → Zone B,Action 1 | Priority: HIGH | Inspect,138,[ROOT CAUSE] Heuristic test. [COUNTERFACTUAL] Test. [PROPAGATION PATH] Test. Action 1 | Priority: HIGH | Inspect,9.707708669492208,9.242766192731882,0.7105023144477071,99.0,False,False,primary,0.0
TEST_89,2026-05-01T13:45:16.289491,UNSPECIFIED_DRIFT,3.447997551301383,LOW,N_89,1,[ROOT CAUSE] Heuristic test.,Test counterfactual,Zone A → Zone B,Action 1 | Priority: HIGH | Inspect,139,[ROOT CAUSE] Heuristic test. [COUNTERFACTUAL] Test. [PROPAGATION PATH] Test. Action 1 | Priority: HIGH | Inspect,3.447997551301383,3.769374555100623,0.7105023144477071,99.0,False,False,primary,0.0
TEST_90,2026-05-01T13:45:16.290320,VIBRATION_ANOMALY,5.116702652655225,MEDIUM,N_90,1,[ROOT CAUSE] Heuristic test.,Test counterfactual,Zone A → Zone B,Action 1 | Priority: HIGH | Inspect,140,[ROOT CAUSE] Heuristic test. [COUNTERFACTUAL] Test. [PROPAGATION PATH] Test. Action 1 | Priority: HIGH | Inspect,5.116702652655225,4.78653979784994,0.7105023144477071,99.0,False,False,primary,0.0
TEST_91,2026-05-01T13:45:16.291133,VIBRATION_ANOMALY,8.10887355231361,CRITICAL,N_91,1,[ROOT CAUSE] Heuristic test.,Test counterfactual,Zone A → Zone B,Action 1 | Priority: HIGH | Inspect,141,[ROOT CAUSE] Heuristic test. [COUNTERFACTUAL] Test. [PROPAGATION PATH] Test. Action 1 | Priority: HIGH | Inspect,8.10887355231361,6.655213930255257,0.7105023144477071,99.0,False,False,primary,0.0
TEST_92,2026-05-01T13:45:16.292233,UNKNOWN,4.737168431108966,MEDIUM,N_92,1,[ROOT CAUSE] Heuristic test.,Test counterfactual,Zone A → Zone B,Action 1 | Priority: HIGH | Inspect,142,[ROOT CAUSE] Heuristic test. [COUNTERFACTUAL] Test. [PROPAGATION PATH] Test. Action 1 | Priority: HIGH | Inspect,4.737168431108966,4.572073772135213,0.7105023144477071,99.0,False,False,primary,0.0
TEST_93,2026-05-01T13:45:16.293454,PRESSURE_LOSS,6.213908582164229,HIGH,N_93,1,[ROOT CAUSE] Heuristic test.,Test counterfactual,Zone A → Zone B,Action 1 | Priority: HIGH | Inspect,143,[ROOT CAUSE] Heuristic test. [COUNTERFACTUAL] Test. [PROPAGATION PATH] Test. Action 1 | Priority: HIGH | Inspect,6.213908582164229,5.399994479285481,0.7105023144477071,99.0,False,False,primary,0.0
TEST_94,2026-05-01T13:45:16.294351,PRESSURE_LOSS,9.815845885692037,CRITICAL,N_94,1,[ROOT CAUSE] Heuristic test.,Test counterfactual,Zone A → Zone B,Action 1 | Priority: HIGH | Inspect,144,[ROOT CAUSE] Heuristic test. [COUNTERFACTUAL] Test. [PROPAGATION PATH] Test. Action 1 | Priority: HIGH | Inspect,9.815845885692037,9.835666331546534,0.7105023144477071,99.0,False,False,primary,0.0
TEST_95,2026-05-01T13:45:16.295215,POWER_SURGE,9.358961062196066,CRITICAL,N_95,1,[ROOT CAUSE] Heuristic test.,Test counterfactual,Zone A → Zone B,Action 1 | Priority: HIGH | Inspect,145,[ROOT CAUSE] Heuristic test. [COUNTERFACTUAL] Test. [PROPAGATION PATH] Test. Action 1 | Priority: HIGH | Inspect,9.358961062196066,8.209999028774202,0.7105023144477071,99.0,False,False,primary,0.0
TEST_96,2026-05-01T13:45:16.296004,HVAC_SABOTAGE,3.056450625314768,LOW,N_96,1,[ROOT CAUSE] Heuristic test.,Test counterfactual,Zone A → Zone B,Action 1 | Priority: HIGH | Inspect,146,[ROOT CAUSE] Heuristic test. [COUNTERFACTUAL] Test. [PROPAGATION PATH] Test. Action 1 | Priority: HIGH | Inspect,3.056450625314768,3.4789605228255085,0.7105023144477071,99.0,False,False,primary,0.0
TEST_97,2026-05-01T13:45:16.296791,VIBRATION_ANOMALY,8.089369275164458,CRITICAL,N_97,1,[ROOT CAUSE] Heuristic test.,Test counterfactual,Zone A → Zone B,Action 1 | Priority: HIGH | Inspect,147,[ROOT CAUSE] Heuristic test. [COUNTERFACTUAL] Test. [PROPAGATION PATH] Test. Action 1 | Priority: HIGH | Inspect,8.089369275164458,6.638953708541799,0.7105023144477071,99.0,False,False,primary,0.0
TEST_98,2026-05-01T13:45:16.297475,POWER_SURGE,4.981842402909331,MEDIUM,N_98,1,[ROOT CAUSE] Heuristic test.,Test counterfactual,Zone A → Zone B,Action 1 | Priority: HIGH | Inspect,148,[ROOT CAUSE] Heuristic test. [COUNTERFACTUAL] Test. [PROPAGATION PATH] Test. Action 1 | Priority: HIGH | Inspect,4.981842402909331,4.71085221710206,0.7105023144477071,99.0,False,False,primary,0.0
TEST_99,2026-05-01T13:45:16.298294,VIBRATION_ANOMALY,9.766140947441704,CRITICAL,N_99,1,[ROOT CAUSE] Heuristic test.,Test counterfactual,Zone A → Zone B,Action 1 | Priority: HIGH | Inspect,149,[ROOT CAUSE] Heuristic test. [COUNTERFACTUAL] Test. [PROPAGATION PATH] Test. Action 1 | Priority: HIGH | Inspect,9.766140947441704,9.529916706679042,0.7105023144477071,99.0,False,False,primary,0.0
